,URL
0,https://www.goodreads.com/book/show/2767052-the-hunger-games
1,https://www.goodreads.com/book/show/2.Harry_Potter_and_the_Order_of_the_Phoenix
2,https://www.goodreads.com/book/show/2657.To_Kill_a_Mockingbird
3,https://www.goodreads.com/book/show/1885.Pride_and_Prejudice
4,https://www.goodreads.com/book/show/41865.Twilight
5,https://www.goodreads.com/book/show/19063.The_Book_Thief
6,https://www.goodreads.com/book/show/11127.The_Chronicles_of_Narnia
7,https://www.goodreads.com/book/show/7613.Animal_Farm
8,https://www.goodreads.com/book/show/30.J_R_R_Tolkien_4_Book_Boxed_Set
9,https://www.goodreads.com/book/show/18405.Gone_with_the_Wind
10,https://www.goodreads.com/book/show/11870085-the-fault-in-our-stars
11,https://www.goodreads.com/book/show/370493.The_Giving_Tree
12,https://www.goodreads.com/book/show/386162.The_Hitchhiker_s_Guide_to_the_Galaxy
13,https://www.goodreads.com/book/show/6185.Wuthering_Heights
14,https://www.goodreads.com/book/show/968.The_Da_Vinci_Code
15,https://www.goodreads.com/book/show/930.Memoirs_of_a_Geisha
16,https://www.goodreads.com/book/show/24213.Alice_s_Adventures_in_Wonderland_Through_the_Looking_Glass
17,https://www.goodreads.com/book/show/5297.The_Picture_of_Dorian_Gray
18,https://www.goodreads.com/book/show/24280.Les_Mis_rables
19,https://www.goodreads.com/book/show/10210.Jane_Eyre
20,https://www.goodreads.com/book/show/13335037-divergent
21,https://www.goodreads.com/book/show/18135.Romeo_and_Juliet
22,https://www.goodreads.com/book/show/7624.Lord_of_the_Flies
23,https://www.goodreads.com/book/show/865.The_Alchemist
24,https://www.goodreads.com/book/show/7144.Crime_and_Punishment
25,https://www.goodreads.com/book/show/22628.The_Perks_of_Being_a_Wallflower
26,https://www.goodreads.com/book/show/375802.Ender_s_Game
27,https://www.goodreads.com/book/show/256683.City_of_Bones
28,https://www.goodreads.com/book/show/4667024-the-help
29,https://www.goodreads.com/book/show/4671.The_Great_Gatsby
30,https://www.goodreads.com/book/show/24178.Charlotte_s_Web
31,https://www.goodreads.com/book/show/18619684-the-time-traveler-s-wife
32,https://www.goodreads.com/book/show/8127.Anne_of_Green_Gables
33,https://www.goodreads.com/book/show/890.Of_Mice_and_Men
34,https://www.goodreads.com/book/show/17245.Dracula
35,https://www.goodreads.com/book/show/5129.Brave_New_World
36,https://www.goodreads.com/book/show/157993.The_Little_Prince
37,https://www.goodreads.com/book/show/320.One_Hundred_Years_of_Solitude
38,https://www.goodreads.com/book/show/21787.The_Princess_Bride
39,https://www.goodreads.com/book/show/5107.The_Catcher_in_the_Rye
40,https://www.goodreads.com/book/show/2998.The_Secret_Garden
41,https://www.goodreads.com/book/show/128029.A_Thousand_Splendid_Suns
42,https://www.goodreads.com/book/show/18131.A_Wrinkle_in_Time
43,https://www.goodreads.com/book/show/3.Harry_Potter_and_the_Sorcerer_s_Stone
44,https://www.goodreads.com/book/show/4381.Fahrenheit_451
45,https://www.goodreads.com/book/show/13496.A_Game_of_Thrones
46,https://www.goodreads.com/book/show/28187.The_Lightning_Thief
47,https://www.goodreads.com/book/show/2956.The_Adventures_of_Huckleberry_Finn
48,https://www.goodreads.com/book/show/12232938-the-lovely-bones
49,https://www.goodreads.com/book/show/19543.Where_the_Wild_Things_Are
50,https://www.goodreads.com/book/show/23772.Green_Eggs_and_Ham
51,https://www.goodreads.com/book/show/4214.Life_of_Pi
52,https://www.goodreads.com/book/show/231804.The_Outsiders
53,https://www.goodreads.com/book/show/1953.A_Tale_of_Two_Cities
54,https://www.goodreads.com/book/show/1381.The_Odyssey
55,https://www.goodreads.com/book/show/43641.Water_for_Elephants
56,https://www.goodreads.com/book/show/7604.Lolita
57,https://www.goodreads.com/book/show/4981.Slaughterhouse_Five
58,https://www.goodreads.com/book/show/18490.Frankenstein
59,https://www.goodreads.com/book/show/168668.Catch_22
60,https://www.goodreads.com/book/show/77203.The_Kite_Runner
61,https://www.goodreads.com/book/show/5043.The_Pillars_of_the_Earth
62,https://www.goodreads.com/book/show/3636.The_Giver
63,https://www.goodreads.com/book/show/149267.The_Stand
64,https://www.goodreads.com/book/show/38447.The_Handmaid_s_Tale
65,https://www.goodreads.com/book/show/76620.Watership_Down
66,https://www.goodreads.com/book/show/3590.The_Adventures_of_Sherlock_Holmes
67,https://www.goodreads.com/book/show/10917.My_Sister_s_Keeper
68,https://www.goodreads.com/book/show/332613.One_Flew_Over_the_Cuckoo_s_Nest
69,https://www.goodreads.com/book/show/6514.The_Bell_Jar
70,https://www.goodreads.com/book/show/10964.Outlander
71,https://www.goodreads.com/book/show/2429135.The_Girl_with_the_Dragon_Tattoo
72,https://www.goodreads.com/book/show/17899948-rebecca
73,https://www.goodreads.com/book/show/39988.Matilda
74,https://www.goodreads.com/book/show/34.The_Fellowship_of_the_Ring
75,https://www.goodreads.com/book/show/14891.A_Tree_Grows_in_Brooklyn
76,https://www.goodreads.com/book/show/11486.The_Color_Purple
77,https://www.goodreads.com/book/show/1934.Little_Women
78,https://www.goodreads.com/book/show/6288.The_Road
79,https://www.goodreads.com/book/show/252577.Angela_s_Ashes
80,https://www.goodreads.com/book/show/227463.A_Clockwork_Orange
81,https://www.goodreads.com/book/show/4934.The_Brothers_Karamazov
82,https://www.goodreads.com/book/show/234225.Dune
83,https://www.goodreads.com/book/show/18660669-vampire-academy
84,https://www.goodreads.com/book/show/7244.The_Poisonwood_Bible
85,https://www.goodreads.com/book/show/136251.Harry_Potter_and_the_Deathly_Hallows
86,https://www.goodreads.com/book/show/52036.Siddhartha
87,https://www.goodreads.com/book/show/662.Atlas_Shrugged
88,https://www.goodreads.com/book/show/17470674-fahrenheit-451
89,https://www.goodreads.com/book/show/3836.Don_Quixote
90,https://www.goodreads.com/book/show/119322.The_Golden_Compass
91,https://www.goodreads.com/book/show/2165.The_Old_Man_and_the_Sea
92,https://www.goodreads.com/book/show/15931.The_Notebook
93,https://www.goodreads.com/book/show/2619.Great_Expectations
94,https://www.goodreads.com/book/show/5470.1984
95,https://www.goodreads.com/book/show/151.Anna_Karenina
96,https://www.goodreads.com/book/show/23919.The_Complete_Stories_and_Poems
97,https://www.goodreads.com/book/show/99107.Winnie_the_Pooh
98,https://www.goodreads.com/book/show/4473.A_Prayer_for_Owen_Meany
99,https://www.goodreads.com/book/show/43763.Interview_with_the_Vampire
100,https://www.goodreads.com/book/show/2767052-the-hunger-games
101,https://www.goodreads.com/book/show/2.Harry_Potter_and_the_Order_of_the_Phoenix
102,https://www.goodreads.com/book/show/2657.To_Kill_a_Mockingbird
103,https://www.goodreads.com/book/show/1885.Pride_and_Prejudice
104,https://www.goodreads.com/book/show/41865.Twilight
105,https://www.goodreads.com/book/show/19063.The_Book_Thief
106,https://www.goodreads.com/book/show/11127.The_Chronicles_of_Narnia
107,https://www.goodreads.com/book/show/7613.Animal_Farm
108,https://www.goodreads.com/book/show/30.J_R_R_Tolkien_4_Book_Boxed_Set
109,https://www.goodreads.com/book/show/18405.Gone_with_the_Wind
110,https://www.goodreads.com/book/show/11870085-the-fault-in-our-stars
111,https://www.goodreads.com/book/show/370493.The_Giving_Tree
112,https://www.goodreads.com/book/show/386162.The_Hitchhiker_s_Guide_to_the_Galaxy
113,https://www.goodreads.com/book/show/6185.Wuthering_Heights
114,https://www.goodreads.com/book/show/968.The_Da_Vinci_Code
115,https://www.goodreads.com/book/show/930.Memoirs_of_a_Geisha
116,https://www.goodreads.com/book/show/24213.Alice_s_Adventures_in_Wonderland_Through_the_Looking_Glass
117,https://www.goodreads.com/book/show/5297.The_Picture_of_Dorian_Gray
118,https://www.goodreads.com/book/show/24280.Les_Mis_rables
119,https://www.goodreads.com/book/show/10210.Jane_Eyre
120,https://www.goodreads.com/book/show/13335037-divergent
121,https://www.goodreads.com/book/show/18135.Romeo_and_Juliet
122,https://www.goodreads.com/book/show/7624.Lord_of_the_Flies
123,https://www.goodreads.com/book/show/865.The_Alchemist
124,https://www.goodreads.com/book/show/7144.Crime_and_Punishment
125,https://www.goodreads.com/book/show/22628.The_Perks_of_Being_a_Wallflower
126,https://www.goodreads.com/book/show/375802.Ender_s_Game
127,https://www.goodreads.com/book/show/256683.City_of_Bones
128,https://www.goodreads.com/book/show/4667024-the-help
129,https://www.goodreads.com/book/show/4671.The_Great_Gatsby
130,https://www.goodreads.com/book/show/24178.Charlotte_s_Web
131,https://www.goodreads.com/book/show/18619684-the-time-traveler-s-wife
132,https://www.goodreads.com/book/show/8127.Anne_of_Green_Gables
133,https://www.goodreads.com/book/show/890.Of_Mice_and_Men
134,https://www.goodreads.com/book/show/17245.Dracula
135,https://www.goodreads.com/book/show/5129.Brave_New_World
136,https://www.goodreads.com/book/show/157993.The_Little_Prince
137,https://www.goodreads.com/book/show/320.One_Hundred_Years_of_Solitude
138,https://www.goodreads.com/book/show/21787.The_Princess_Bride
139,https://www.goodreads.com/book/show/5107.The_Catcher_in_the_Rye
140,https://www.goodreads.com/book/show/2998.The_Secret_Garden
141,https://www.goodreads.com/book/show/128029.A_Thousand_Splendid_Suns
142,https://www.goodreads.com/book/show/18131.A_Wrinkle_in_Time
143,https://www.goodreads.com/book/show/3.Harry_Potter_and_the_Sorcerer_s_Stone
144,https://www.goodreads.com/book/show/4381.Fahrenheit_451
145,https://www.goodreads.com/book/show/13496.A_Game_of_Thrones
146,https://www.goodreads.com/book/show/28187.The_Lightning_Thief
147,https://www.goodreads.com/book/show/2956.The_Adventures_of_Huckleberry_Finn
148,https://www.goodreads.com/book/show/12232938-the-lovely-bones
149,https://www.goodreads.com/book/show/19543.Where_the_Wild_Things_Are
150,https://www.goodreads.com/book/show/23772.Green_Eggs_and_Ham
151,https://www.goodreads.com/book/show/4214.Life_of_Pi
152,https://www.goodreads.com/book/show/231804.The_Outsiders
153,https://www.goodreads.com/book/show/1953.A_Tale_of_Two_Cities
154,https://www.goodreads.com/book/show/1381.The_Odyssey
155,https://www.goodreads.com/book/show/43641.Water_for_Elephants
156,https://www.goodreads.com/book/show/7604.Lolita
157,https://www.goodreads.com/book/show/4981.Slaughterhouse_Five
158,https://www.goodreads.com/book/show/18490.Frankenstein
159,https://www.goodreads.com/book/show/168668.Catch_22
160,https://www.goodreads.com/book/show/77203.The_Kite_Runner
161,https://www.goodreads.com/book/show/5043.The_Pillars_of_the_Earth
162,https://www.goodreads.com/book/show/3636.The_Giver
163,https://www.goodreads.com/book/show/149267.The_Stand
164,https://www.goodreads.com/book/show/38447.The_Handmaid_s_Tale
165,https://www.goodreads.com/book/show/76620.Watership_Down
166,https://www.goodreads.com/book/show/3590.The_Adventures_of_Sherlock_Holmes
167,https://www.goodreads.com/book/show/10917.My_Sister_s_Keeper
168,https://www.goodreads.com/book/show/332613.One_Flew_Over_the_Cuckoo_s_Nest
169,https://www.goodreads.com/book/show/6514.The_Bell_Jar
170,https://www.goodreads.com/book/show/10964.Outlander
171,https://www.goodreads.com/book/show/2429135.The_Girl_with_the_Dragon_Tattoo
172,https://www.goodreads.com/book/show/17899948-rebecca
173,https://www.goodreads.com/book/show/39988.Matilda
174,https://www.goodreads.com/book/show/34.The_Fellowship_of_the_Ring
175,https://www.goodreads.com/book/show/14891.A_Tree_Grows_in_Brooklyn
176,https://www.goodreads.com/book/show/11486.The_Color_Purple
177,https://www.goodreads.com/book/show/1934.Little_Women
178,https://www.goodreads.com/book/show/6288.The_Road
179,https://www.goodreads.com/book/show/252577.Angela_s_Ashes
180,https://www.goodreads.com/book/show/227463.A_Clockwork_Orange
181,https://www.goodreads.com/book/show/4934.The_Brothers_Karamazov
182,https://www.goodreads.com/book/show/234225.Dune
183,https://www.goodreads.com/book/show/18660669-vampire-academy
184,https://www.goodreads.com/book/show/7244.The_Poisonwood_Bible
185,https://www.goodreads.com/book/show/136251.Harry_Potter_and_the_Deathly_Hallows
186,https://www.goodreads.com/book/show/52036.Siddhartha
187,https://www.goodreads.com/book/show/662.Atlas_Shrugged
188,https://www.goodreads.com/book/show/17470674-fahrenheit-451
189,https://www.goodreads.com/book/show/3836.Don_Quixote
190,https://www.goodreads.com/book/show/119322.The_Golden_Compass
191,https://www.goodreads.com/book/show/2165.The_Old_Man_and_the_Sea
192,https://www.goodreads.com/book/show/15931.The_Notebook
193,https://www.goodreads.com/book/show/2619.Great_Expectations
194,https://www.goodreads.com/book/show/5470.1984
195,https://www.goodreads.com/book/show/151.Anna_Karenina
196,https://www.goodreads.com/book/show/23919.The_Complete_Stories_and_Poems
197,https://www.goodreads.com/book/show/99107.Winnie_the_Pooh
198,https://www.goodreads.com/book/show/4473.A_Prayer_for_Owen_Meany
199,https://www.goodreads.com/book/show/43763.Interview_with_the_Vampire
200,https://www.goodreads.com/book/show/2767052-the-hunger-games
201,https://www.goodreads.com/book/show/2.Harry_Potter_and_the_Order_of_the_Phoenix
202,https://www.goodreads.com/book/show/2657.To_Kill_a_Mockingbird
203,https://www.goodreads.com/book/show/1885.Pride_and_Prejudice
204,https://www.goodreads.com/book/show/41865.Twilight
205,https://www.goodreads.com/book/show/19063.The_Book_Thief
206,https://www.goodreads.com/book/show/11127.The_Chronicles_of_Narnia
207,https://www.goodreads.com/book/show/7613.Animal_Farm
208,https://www.goodreads.com/book/show/30.J_R_R_Tolkien_4_Book_Boxed_Set
209,https://www.goodreads.com/book/show/18405.Gone_with_the_Wind
210,https://www.goodreads.com/book/show/11870085-the-fault-in-our-stars
211,https://www.goodreads.com/book/show/370493.The_Giving_Tree
212,https://www.goodreads.com/book/show/386162.The_Hitchhiker_s_Guide_to_the_Galaxy
213,https://www.goodreads.com/book/show/6185.Wuthering_Heights
214,https://www.goodreads.com/book/show/968.The_Da_Vinci_Code
215,https://www.goodreads.com/book/show/930.Memoirs_of_a_Geisha
216,https://www.goodreads.com/book/show/24213.Alice_s_Adventures_in_Wonderland_Through_the_Looking_Glass
217,https://www.goodreads.com/book/show/5297.The_Picture_of_Dorian_Gray
218,https://www.goodreads.com/book/show/24280.Les_Mis_rables
219,https://www.goodreads.com/book/show/10210.Jane_Eyre
220,https://www.goodreads.com/book/show/13335037-divergent
221,https://www.goodreads.com/book/show/18135.Romeo_and_Juliet
222,https://www.goodreads.com/book/show/7624.Lord_of_the_Flies
223,https://www.goodreads.com/book/show/865.The_Alchemist
224,https://www.goodreads.com/book/show/7144.Crime_and_Punishment
225,https://www.goodreads.com/book/show/22628.The_Perks_of_Being_a_Wallflower
226,https://www.goodreads.com/book/show/375802.Ender_s_Game
227,https://www.goodreads.com/book/show/256683.City_of_Bones
228,https://www.goodreads.com/book/show/4667024-the-help
229,https://www.goodreads.com/book/show/4671.The_Great_Gatsby
230,https://www.goodreads.com/book/show/24178.Charlotte_s_Web
231,https://www.goodreads.com/book/show/18619684-the-time-traveler-s-wife
232,https://www.goodreads.com/book/show/8127.Anne_of_Green_Gables
233,https://www.goodreads.com/book/show/890.Of_Mice_and_Men
234,https://www.goodreads.com/book/show/17245.Dracula
235,https://www.goodreads.com/book/show/5129.Brave_New_World
236,https://www.goodreads.com/book/show/157993.The_Little_Prince
237,https://www.goodreads.com/book/show/320.One_Hundred_Years_of_Solitude
238,https://www.goodreads.com/book/show/21787.The_Princess_Bride
239,https://www.goodreads.com/book/show/5107.The_Catcher_in_the_Rye
240,https://www.goodreads.com/book/show/2998.The_Secret_Garden
241,https://www.goodreads.com/book/show/128029.A_Thousand_Splendid_Suns
242,https://www.goodreads.com/book/show/18131.A_Wrinkle_in_Time
243,https://www.goodreads.com/book/show/3.Harry_Potter_and_the_Sorcerer_s_Stone
244,https://www.goodreads.com/book/show/4381.Fahrenheit_451
245,https://www.goodreads.com/book/show/13496.A_Game_of_Thrones
246,https://www.goodreads.com/book/show/28187.The_Lightning_Thief
247,https://www.goodreads.com/book/show/2956.The_Adventures_of_Huckleberry_Finn
248,https://www.goodreads.com/book/show/12232938-the-lovely-bones
249,https://www.goodreads.com/book/show/19543.Where_the_Wild_Things_Are
250,https://www.goodreads.com/book/show/23772.Green_Eggs_and_Ham
251,https://www.goodreads.com/book/show/4214.Life_of_Pi
252,https://www.goodreads.com/book/show/231804.The_Outsiders
253,https://www.goodreads.com/book/show/1953.A_Tale_of_Two_Cities
254,https://www.goodreads.com/book/show/1381.The_Odyssey
255,https://www.goodreads.com/book/show/43641.Water_for_Elephants
256,https://www.goodreads.com/book/show/7604.Lolita
257,https://www.goodreads.com/book/show/4981.Slaughterhouse_Five
258,https://www.goodreads.com/book/show/18490.Frankenstein
259,https://www.goodreads.com/book/show/168668.Catch_22
260,https://www.goodreads.com/book/show/77203.The_Kite_Runner
261,https://www.goodreads.com/book/show/5043.The_Pillars_of_the_Earth
262,https://www.goodreads.com/book/show/3636.The_Giver
263,https://www.goodreads.com/book/show/149267.The_Stand
264,https://www.goodreads.com/book/show/38447.The_Handmaid_s_Tale
265,https://www.goodreads.com/book/show/76620.Watership_Down
266,https://www.goodreads.com/book/show/3590.The_Adventures_of_Sherlock_Holmes
267,https://www.goodreads.com/book/show/10917.My_Sister_s_Keeper
268,https://www.goodreads.com/book/show/332613.One_Flew_Over_the_Cuckoo_s_Nest
269,https://www.goodreads.com/book/show/6514.The_Bell_Jar
270,https://www.goodreads.com/book/show/10964.Outlander
271,https://www.goodreads.com/book/show/2429135.The_Girl_with_the_Dragon_Tattoo
272,https://www.goodreads.com/book/show/17899948-rebecca
273,https://www.goodreads.com/book/show/39988.Matilda
274,https://www.goodreads.com/book/show/34.The_Fellowship_of_the_Ring
275,https://www.goodreads.com/book/show/14891.A_Tree_Grows_in_Brooklyn
276,https://www.goodreads.com/book/show/11486.The_Color_Purple
277,https://www.goodreads.com/book/show/1934.Little_Women
278,https://www.goodreads.com/book/show/6288.The_Road
279,https://www.goodreads.com/book/show/252577.Angela_s_Ashes
280,https://www.goodreads.com/book/show/227463.A_Clockwork_Orange
281,https://www.goodreads.com/book/show/4934.The_Brothers_Karamazov
282,https://www.goodreads.com/book/show/234225.Dune
283,https://www.goodreads.com/book/show/18660669-vampire-academy
284,https://www.goodreads.com/book/show/7244.The_Poisonwood_Bible
285,https://www.goodreads.com/book/show/136251.Harry_Potter_and_the_Deathly_Hallows
286,https://www.goodreads.com/book/show/52036.Siddhartha
287,https://www.goodreads.com/book/show/662.Atlas_Shrugged
288,https://www.goodreads.com/book/show/17470674-fahrenheit-451
289,https://www.goodreads.com/book/show/3836.Don_Quixote
290,https://www.goodreads.com/book/show/119322.The_Golden_Compass
291,https://www.goodreads.com/book/show/2165.The_Old_Man_and_the_Sea
292,https://www.goodreads.com/book/show/15931.The_Notebook
293,https://www.goodreads.com/book/show/2619.Great_Expectations
294,https://www.goodreads.com/book/show/5470.1984
295,https://www.goodreads.com/book/show/151.Anna_Karenina
296,https://www.goodreads.com/book/show/23919.The_Complete_Stories_and_Poems
297,https://www.goodreads.com/book/show/99107.Winnie_the_Pooh
298,https://www.goodreads.com/book/show/4473.A_Prayer_for_Owen_Meany
299,https://www.goodreads.com/book/show/43763.Interview_with_the_Vampire
300,https://www.goodreads.com/book/show/2767052-the-hunger-games
301,https://www.goodreads.com/book/show/2.Harry_Potter_and_the_Order_of_the_Phoenix
302,https://www.goodreads.com/book/show/2657.To_Kill_a_Mockingbird
303,https://www.goodreads.com/book/show/1885.Pride_and_Prejudice
304,https://www.goodreads.com/book/show/41865.Twilight
305,https://www.goodreads.com/book/show/19063.The_Book_Thief
306,https://www.goodreads.com/book/show/11127.The_Chronicles_of_Narnia
307,https://www.goodreads.com/book/show/7613.Animal_Farm
308,https://www.goodreads.com/book/show/30.J_R_R_Tolkien_4_Book_Boxed_Set
309,https://www.goodreads.com/book/show/18405.Gone_with_the_Wind
310,https://www.goodreads.com/book/show/11870085-the-fault-in-our-stars
311,https://www.goodreads.com/book/show/370493.The_Giving_Tree
312,https://www.goodreads.com/book/show/386162.The_Hitchhiker_s_Guide_to_the_Galaxy
313,https://www.goodreads.com/book/show/6185.Wuthering_Heights
314,https://www.goodreads.com/book/show/968.The_Da_Vinci_Code
315,https://www.goodreads.com/book/show/930.Memoirs_of_a_Geisha
316,https://www.goodreads.com/book/show/24213.Alice_s_Adventures_in_Wonderland_Through_the_Looking_Glass
317,https://www.goodreads.com/book/show/5297.The_Picture_of_Dorian_Gray
318,https://www.goodreads.com/book/show/24280.Les_Mis_rables
319,https://www.goodreads.com/book/show/10210.Jane_Eyre
320,https://www.goodreads.com/book/show/13335037-divergent
321,https://www.goodreads.com/book/show/18135.Romeo_and_Juliet
322,https://www.goodreads.com/book/show/7624.Lord_of_the_Flies
323,https://www.goodreads.com/book/show/865.The_Alchemist
324,https://www.goodreads.com/book/show/7144.Crime_and_Punishment
325,https://www.goodreads.com/book/show/22628.The_Perks_of_Being_a_Wallflower
326,https://www.goodreads.com/book/show/375802.Ender_s_Game
327,https://www.goodreads.com/book/show/256683.City_of_Bones
328,https://www.goodreads.com/book/show/4667024-the-help
329,https://www.goodreads.com/book/show/4671.The_Great_Gatsby
330,https://www.goodreads.com/book/show/24178.Charlotte_s_Web
331,https://www.goodreads.com/book/show/18619684-the-time-traveler-s-wife
332,https://www.goodreads.com/book/show/8127.Anne_of_Green_Gables
333,https://www.goodreads.com/book/show/890.Of_Mice_and_Men
334,https://www.goodreads.com/book/show/17245.Dracula
335,https://www.goodreads.com/book/show/5129.Brave_New_World
336,https://www.goodreads.com/book/show/157993.The_Little_Prince
337,https://www.goodreads.com/book/show/320.One_Hundred_Years_of_Solitude
338,https://www.goodreads.com/book/show/21787.The_Princess_Bride
339,https://www.goodreads.com/book/show/5107.The_Catcher_in_the_Rye
340,https://www.goodreads.com/book/show/2998.The_Secret_Garden
341,https://www.goodreads.com/book/show/128029.A_Thousand_Splendid_Suns
342,https://www.goodreads.com/book/show/18131.A_Wrinkle_in_Time
343,https://www.goodreads.com/book/show/3.Harry_Potter_and_the_Sorcerer_s_Stone
344,https://www.goodreads.com/book/show/4381.Fahrenheit_451
345,https://www.goodreads.com/book/show/13496.A_Game_of_Thrones
346,https://www.goodreads.com/book/show/28187.The_Lightning_Thief
347,https://www.goodreads.com/book/show/2956.The_Adventures_of_Huckleberry_Finn
348,https://www.goodreads.com/book/show/12232938-the-lovely-bones
349,https://www.goodreads.com/book/show/19543.Where_the_Wild_Things_Are
350,https://www.goodreads.com/book/show/23772.Green_Eggs_and_Ham
351,https://www.goodreads.com/book/show/4214.Life_of_Pi
352,https://www.goodreads.com/book/show/231804.The_Outsiders
353,https://www.goodreads.com/book/show/1953.A_Tale_of_Two_Cities
354,https://www.goodreads.com/book/show/1381.The_Odyssey
355,https://www.goodreads.com/book/show/43641.Water_for_Elephants
356,https://www.goodreads.com/book/show/7604.Lolita
357,https://www.goodreads.com/book/show/4981.Slaughterhouse_Five
358,https://www.goodreads.com/book/show/18490.Frankenstein
359,https://www.goodreads.com/book/show/168668.Catch_22
360,https://www.goodreads.com/book/show/77203.The_Kite_Runner
361,https://www.goodreads.com/book/show/5043.The_Pillars_of_the_Earth
362,https://www.goodreads.com/book/show/3636.The_Giver
363,https://www.goodreads.com/book/show/149267.The_Stand
364,https://www.goodreads.com/book/show/38447.The_Handmaid_s_Tale
365,https://www.goodreads.com/book/show/76620.Watership_Down
366,https://www.goodreads.com/book/show/3590.The_Adventures_of_Sherlock_Holmes
367,https://www.goodreads.com/book/show/10917.My_Sister_s_Keeper
368,https://www.goodreads.com/book/show/332613.One_Flew_Over_the_Cuckoo_s_Nest
369,https://www.goodreads.com/book/show/6514.The_Bell_Jar
370,https://www.goodreads.com/book/show/10964.Outlander
371,https://www.goodreads.com/book/show/2429135.The_Girl_with_the_Dragon_Tattoo
372,https://www.goodreads.com/book/show/17899948-rebecca
373,https://www.goodreads.com/book/show/39988.Matilda
374,https://www.goodreads.com/book/show/34.The_Fellowship_of_the_Ring
375,https://www.goodreads.com/book/show/14891.A_Tree_Grows_in_Brooklyn
376,https://www.goodreads.com/book/show/11486.The_Color_Purple
377,https://www.goodreads.com/book/show/1934.Little_Women
378,https://www.goodreads.com/book/show/6288.The_Road
379,https://www.goodreads.com/book/show/252577.Angela_s_Ashes
380,https://www.goodreads.com/book/show/227463.A_Clockwork_Orange
381,https://www.goodreads.com/book/show/4934.The_Brothers_Karamazov
382,https://www.goodreads.com/book/show/234225.Dune
383,https://www.goodreads.com/book/show/18660669-vampire-academy
384,https://www.goodreads.com/book/show/7244.The_Poisonwood_Bible
385,https://www.goodreads.com/book/show/136251.Harry_Potter_and_the_Deathly_Hallows
386,https://www.goodreads.com/book/show/52036.Siddhartha
387,https://www.goodreads.com/book/show/662.Atlas_Shrugged
388,https://www.goodreads.com/book/show/17470674-fahrenheit-451
389,https://www.goodreads.com/book/show/3836.Don_Quixote
390,https://www.goodreads.com/book/show/119322.The_Golden_Compass
391,https://www.goodreads.com/book/show/2165.The_Old_Man_and_the_Sea
392,https://www.goodreads.com/book/show/15931.The_Notebook
393,https://www.goodreads.com/book/show/2619.Great_Expectations
394,https://www.goodreads.com/book/show/5470.1984
395,https://www.goodreads.com/book/show/151.Anna_Karenina
396,https://www.goodreads.com/book/show/23919.The_Complete_Stories_and_Poems
397,https://www.goodreads.com/book/show/99107.Winnie_the_Pooh
398,https://www.goodreads.com/book/show/4473.A_Prayer_for_Owen_Meany
399,https://www.goodreads.com/book/show/43763.Interview_with_the_Vampire
400,https://www.goodreads.com/book/show/2767052-the-hunger-games
401,https://www.goodreads.com/book/show/2.Harry_Potter_and_the_Order_of_the_Phoenix
402,https://www.goodreads.com/book/show/2657.To_Kill_a_Mockingbird
403,https://www.goodreads.com/book/show/1885.Pride_and_Prejudice
404,https://www.goodreads.com/book/show/41865.Twilight
405,https://www.goodreads.com/book/show/19063.The_Book_Thief
406,https://www.goodreads.com/book/show/11127.The_Chronicles_of_Narnia
407,https://www.goodreads.com/book/show/7613.Animal_Farm
408,https://www.goodreads.com/book/show/30.J_R_R_Tolkien_4_Book_Boxed_Set
409,https://www.goodreads.com/book/show/18405.Gone_with_the_Wind
410,https://www.goodreads.com/book/show/11870085-the-fault-in-our-stars
411,https://www.goodreads.com/book/show/370493.The_Giving_Tree
412,https://www.goodreads.com/book/show/386162.The_Hitchhiker_s_Guide_to_the_Galaxy
413,https://www.goodreads.com/book/show/6185.Wuthering_Heights
414,https://www.goodreads.com/book/show/968.The_Da_Vinci_Code
415,https://www.goodreads.com/book/show/930.Memoirs_of_a_Geisha
416,https://www.goodreads.com/book/show/24213.Alice_s_Adventures_in_Wonderland_Through_the_Looking_Glass
417,https://www.goodreads.com/book/show/5297.The_Picture_of_Dorian_Gray
418,https://www.goodreads.com/book/show/24280.Les_Mis_rables
419,https://www.goodreads.com/book/show/10210.Jane_Eyre
420,https://www.goodreads.com/book/show/13335037-divergent
421,https://www.goodreads.com/book/show/18135.Romeo_and_Juliet
422,https://www.goodreads.com/book/show/7624.Lord_of_the_Flies
423,https://www.goodreads.com/book/show/865.The_Alchemist
424,https://www.goodreads.com/book/show/7144.Crime_and_Punishment
425,https://www.goodreads.com/book/show/22628.The_Perks_of_Being_a_Wallflower
426,https://www.goodreads.com/book/show/375802.Ender_s_Game
427,https://www.goodreads.com/book/show/256683.City_of_Bones
428,https://www.goodreads.com/book/show/4667024-the-help
429,https://www.goodreads.com/book/show/4671.The_Great_Gatsby
430,https://www.goodreads.com/book/show/24178.Charlotte_s_Web
431,https://www.goodreads.com/book/show/18619684-the-time-traveler-s-wife
432,https://www.goodreads.com/book/show/8127.Anne_of_Green_Gables
433,https://www.goodreads.com/book/show/890.Of_Mice_and_Men
434,https://www.goodreads.com/book/show/17245.Dracula
435,https://www.goodreads.com/book/show/5129.Brave_New_World
436,https://www.goodreads.com/book/show/157993.The_Little_Prince
437,https://www.goodreads.com/book/show/320.One_Hundred_Years_of_Solitude
438,https://www.goodreads.com/book/show/21787.The_Princess_Bride
439,https://www.goodreads.com/book/show/5107.The_Catcher_in_the_Rye
440,https://www.goodreads.com/book/show/2998.The_Secret_Garden
441,https://www.goodreads.com/book/show/128029.A_Thousand_Splendid_Suns
442,https://www.goodreads.com/book/show/18131.A_Wrinkle_in_Time
443,https://www.goodreads.com/book/show/3.Harry_Potter_and_the_Sorcerer_s_Stone
444,https://www.goodreads.com/book/show/4381.Fahrenheit_451
445,https://www.goodreads.com/book/show/13496.A_Game_of_Thrones
446,https://www.goodreads.com/book/show/28187.The_Lightning_Thief
447,https://www.goodreads.com/book/show/2956.The_Adventures_of_Huckleberry_Finn
448,https://www.goodreads.com/book/show/12232938-the-lovely-bones
449,https://www.goodreads.com/book/show/19543.Where_the_Wild_Things_Are
450,https://www.goodreads.com/book/show/23772.Green_Eggs_and_Ham
451,https://www.goodreads.com/book/show/4214.Life_of_Pi
452,https://www.goodreads.com/book/show/231804.The_Outsiders
453,https://www.goodreads.com/book/show/1953.A_Tale_of_Two_Cities
454,https://www.goodreads.com/book/show/1381.The_Odyssey
455,https://www.goodreads.com/book/show/43641.Water_for_Elephants
456,https://www.goodreads.com/book/show/7604.Lolita
457,https://www.goodreads.com/book/show/4981.Slaughterhouse_Five
458,https://www.goodreads.com/book/show/18490.Frankenstein
459,https://www.goodreads.com/book/show/168668.Catch_22
460,https://www.goodreads.com/book/show/77203.The_Kite_Runner
461,https://www.goodreads.com/book/show/5043.The_Pillars_of_the_Earth
462,https://www.goodreads.com/book/show/3636.The_Giver
463,https://www.goodreads.com/book/show/149267.The_Stand
464,https://www.goodreads.com/book/show/38447.The_Handmaid_s_Tale
465,https://www.goodreads.com/book/show/76620.Watership_Down
466,https://www.goodreads.com/book/show/3590.The_Adventures_of_Sherlock_Holmes
467,https://www.goodreads.com/book/show/10917.My_Sister_s_Keeper
468,https://www.goodreads.com/book/show/332613.One_Flew_Over_the_Cuckoo_s_Nest
469,https://www.goodreads.com/book/show/6514.The_Bell_Jar
470,https://www.goodreads.com/book/show/10964.Outlander
471,https://www.goodreads.com/book/show/2429135.The_Girl_with_the_Dragon_Tattoo
472,https://www.goodreads.com/book/show/17899948-rebecca
473,https://www.goodreads.com/book/show/39988.Matilda
474,https://www.goodreads.com/book/show/34.The_Fellowship_of_the_Ring
475,https://www.goodreads.com/book/show/14891.A_Tree_Grows_in_Brooklyn
476,https://www.goodreads.com/book/show/11486.The_Color_Purple
477,https://www.goodreads.com/book/show/1934.Little_Women
478,https://www.goodreads.com/book/show/6288.The_Road
479,https://www.goodreads.com/book/show/252577.Angela_s_Ashes
480,https://www.goodreads.com/book/show/227463.A_Clockwork_Orange
481,https://www.goodreads.com/book/show/4934.The_Brothers_Karamazov
482,https://www.goodreads.com/book/show/234225.Dune
483,https://www.goodreads.com/book/show/18660669-vampire-academy
484,https://www.goodreads.com/book/show/7244.The_Poisonwood_Bible
485,https://www.goodreads.com/book/show/136251.Harry_Potter_and_the_Deathly_Hallows
486,https://www.goodreads.com/book/show/52036.Siddhartha
487,https://www.goodreads.com/book/show/662.Atlas_Shrugged
488,https://www.goodreads.com/book/show/17470674-fahrenheit-451
489,https://www.goodreads.com/book/show/3836.Don_Quixote
490,https://www.goodreads.com/book/show/119322.The_Golden_Compass
491,https://www.goodreads.com/book/show/2165.The_Old_Man_and_the_Sea
492,https://www.goodreads.com/book/show/15931.The_Notebook
493,https://www.goodreads.com/book/show/2619.Great_Expectations
494,https://www.goodreads.com/book/show/5470.1984
495,https://www.goodreads.com/book/show/151.Anna_Karenina
496,https://www.goodreads.com/book/show/23919.The_Complete_Stories_and_Poems
497,https://www.goodreads.com/book/show/99107.Winnie_the_Pooh
498,https://www.goodreads.com/book/show/4473.A_Prayer_for_Owen_Meany
499,https://www.goodreads.com/book/show/43763.Interview_with_the_Vampire
500,https://www.goodreads.com/book/show/2767052-the-hunger-games
501,https://www.goodreads.com/book/show/2.Harry_Potter_and_the_Order_of_the_Phoenix
502,https://www.goodreads.com/book/show/2657.To_Kill_a_Mockingbird
503,https://www.goodreads.com/book/show/1885.Pride_and_Prejudice
504,https://www.goodreads.com/book/show/41865.Twilight
505,https://www.goodreads.com/book/show/19063.The_Book_Thief
506,https://www.goodreads.com/book/show/11127.The_Chronicles_of_Narnia
507,https://www.goodreads.com/book/show/7613.Animal_Farm
508,https://www.goodreads.com/book/show/30.J_R_R_Tolkien_4_Book_Boxed_Set
509,https://www.goodreads.com/book/show/18405.Gone_with_the_Wind
510,https://www.goodreads.com/book/show/11870085-the-fault-in-our-stars
511,https://www.goodreads.com/book/show/370493.The_Giving_Tree
512,https://www.goodreads.com/book/show/386162.The_Hitchhiker_s_Guide_to_the_Galaxy
513,https://www.goodreads.com/book/show/6185.Wuthering_Heights
514,https://www.goodreads.com/book/show/968.The_Da_Vinci_Code
515,https://www.goodreads.com/book/show/930.Memoirs_of_a_Geisha
516,https://www.goodreads.com/book/show/24213.Alice_s_Adventures_in_Wonderland_Through_the_Looking_Glass
517,https://www.goodreads.com/book/show/5297.The_Picture_of_Dorian_Gray
518,https://www.goodreads.com/book/show/24280.Les_Mis_rables
519,https://www.goodreads.com/book/show/10210.Jane_Eyre
520,https://www.goodreads.com/book/show/13335037-divergent
521,https://www.goodreads.com/book/show/18135.Romeo_and_Juliet
522,https://www.goodreads.com/book/show/7624.Lord_of_the_Flies
523,https://www.goodreads.com/book/show/865.The_Alchemist
524,https://www.goodreads.com/book/show/7144.Crime_and_Punishment
525,https://www.goodreads.com/book/show/22628.The_Perks_of_Being_a_Wallflower
526,https://www.goodreads.com/book/show/375802.Ender_s_Game
527,https://www.goodreads.com/book/show/256683.City_of_Bones
528,https://www.goodreads.com/book/show/4667024-the-help
529,https://www.goodreads.com/book/show/4671.The_Great_Gatsby
530,https://www.goodreads.com/book/show/24178.Charlotte_s_Web
531,https://www.goodreads.com/book/show/18619684-the-time-traveler-s-wife
532,https://www.goodreads.com/book/show/8127.Anne_of_Green_Gables
533,https://www.goodreads.com/book/show/890.Of_Mice_and_Men
534,https://www.goodreads.com/book/show/17245.Dracula
535,https://www.goodreads.com/book/show/5129.Brave_New_World
536,https://www.goodreads.com/book/show/157993.The_Little_Prince
537,https://www.goodreads.com/book/show/320.One_Hundred_Years_of_Solitude
538,https://www.goodreads.com/book/show/21787.The_Princess_Bride
539,https://www.goodreads.com/book/show/5107.The_Catcher_in_the_Rye
540,https://www.goodreads.com/book/show/2998.The_Secret_Garden
541,https://www.goodreads.com/book/show/128029.A_Thousand_Splendid_Suns
542,https://www.goodreads.com/book/show/18131.A_Wrinkle_in_Time
543,https://www.goodreads.com/book/show/3.Harry_Potter_and_the_Sorcerer_s_Stone
544,https://www.goodreads.com/book/show/4381.Fahrenheit_451
545,https://www.goodreads.com/book/show/13496.A_Game_of_Thrones
546,https://www.goodreads.com/book/show/28187.The_Lightning_Thief
547,https://www.goodreads.com/book/show/2956.The_Adventures_of_Huckleberry_Finn
548,https://www.goodreads.com/book/show/12232938-the-lovely-bones
549,https://www.goodreads.com/book/show/19543.Where_the_Wild_Things_Are
550,https://www.goodreads.com/book/show/23772.Green_Eggs_and_Ham
551,https://www.goodreads.com/book/show/4214.Life_of_Pi
552,https://www.goodreads.com/book/show/231804.The_Outsiders
553,https://www.goodreads.com/book/show/1953.A_Tale_of_Two_Cities
554,https://www.goodreads.com/book/show/1381.The_Odyssey
555,https://www.goodreads.com/book/show/43641.Water_for_Elephants
556,https://www.goodreads.com/book/show/7604.Lolita
557,https://www.goodreads.com/book/show/4981.Slaughterhouse_Five
558,https://www.goodreads.com/book/show/18490.Frankenstein
559,https://www.goodreads.com/book/show/168668.Catch_22
560,https://www.goodreads.com/book/show/77203.The_Kite_Runner
561,https://www.goodreads.com/book/show/5043.The_Pillars_of_the_Earth
562,https://www.goodreads.com/book/show/3636.The_Giver
563,https://www.goodreads.com/book/show/149267.The_Stand
564,https://www.goodreads.com/book/show/38447.The_Handmaid_s_Tale
565,https://www.goodreads.com/book/show/76620.Watership_Down
566,https://www.goodreads.com/book/show/3590.The_Adventures_of_Sherlock_Holmes
567,https://www.goodreads.com/book/show/10917.My_Sister_s_Keeper
568,https://www.goodreads.com/book/show/332613.One_Flew_Over_the_Cuckoo_s_Nest
569,https://www.goodreads.com/book/show/6514.The_Bell_Jar
570,https://www.goodreads.com/book/show/10964.Outlander
571,https://www.goodreads.com/book/show/2429135.The_Girl_with_the_Dragon_Tattoo
572,https://www.goodreads.com/book/show/17899948-rebecca
573,https://www.goodreads.com/book/show/39988.Matilda
574,https://www.goodreads.com/book/show/34.The_Fellowship_of_the_Ring
575,https://www.goodreads.com/book/show/14891.A_Tree_Grows_in_Brooklyn
576,https://www.goodreads.com/book/show/11486.The_Color_Purple
577,https://www.goodreads.com/book/show/1934.Little_Women
578,https://www.goodreads.com/book/show/6288.The_Road
579,https://www.goodreads.com/book/show/252577.Angela_s_Ashes
580,https://www.goodreads.com/book/show/227463.A_Clockwork_Orange
581,https://www.goodreads.com/book/show/4934.The_Brothers_Karamazov
582,https://www.goodreads.com/book/show/234225.Dune
583,https://www.goodreads.com/book/show/18660669-vampire-academy
584,https://www.goodreads.com/book/show/7244.The_Poisonwood_Bible
585,https://www.goodreads.com/book/show/136251.Harry_Potter_and_the_Deathly_Hallows
586,https://www.goodreads.com/book/show/52036.Siddhartha
587,https://www.goodreads.com/book/show/662.Atlas_Shrugged
588,https://www.goodreads.com/book/show/17470674-fahrenheit-451
589,https://www.goodreads.com/book/show/3836.Don_Quixote
590,https://www.goodreads.com/book/show/119322.The_Golden_Compass
591,https://www.goodreads.com/book/show/2165.The_Old_Man_and_the_Sea
592,https://www.goodreads.com/book/show/15931.The_Notebook
593,https://www.goodreads.com/book/show/2619.Great_Expectations
594,https://www.goodreads.com/book/show/5470.1984
595,https://www.goodreads.com/book/show/151.Anna_Karenina
596,https://www.goodreads.com/book/show/23919.The_Complete_Stories_and_Poems
597,https://www.goodreads.com/book/show/99107.Winnie_the_Pooh
598,https://www.goodreads.com/book/show/4473.A_Prayer_for_Owen_Meany
599,https://www.goodreads.com/book/show/43763.Interview_with_the_Vampire
600,https://www.goodreads.com/book/show/2767052-the-hunger-games
601,https://www.goodreads.com/book/show/2.Harry_Potter_and_the_Order_of_the_Phoenix
602,https://www.goodreads.com/book/show/2657.To_Kill_a_Mockingbird
603,https://www.goodreads.com/book/show/1885.Pride_and_Prejudice
604,https://www.goodreads.com/book/show/41865.Twilight
605,https://www.goodreads.com/book/show/19063.The_Book_Thief
606,https://www.goodreads.com/book/show/11127.The_Chronicles_of_Narnia
607,https://www.goodreads.com/book/show/7613.Animal_Farm
608,https://www.goodreads.com/book/show/30.J_R_R_Tolkien_4_Book_Boxed_Set
609,https://www.goodreads.com/book/show/18405.Gone_with_the_Wind
610,https://www.goodreads.com/book/show/11870085-the-fault-in-our-stars
611,https://www.goodreads.com/book/show/370493.The_Giving_Tree
612,https://www.goodreads.com/book/show/386162.The_Hitchhiker_s_Guide_to_the_Galaxy
613,https://www.goodreads.com/book/show/6185.Wuthering_Heights
614,https://www.goodreads.com/book/show/968.The_Da_Vinci_Code
615,https://www.goodreads.com/book/show/930.Memoirs_of_a_Geisha
616,https://www.goodreads.com/book/show/24213.Alice_s_Adventures_in_Wonderland_Through_the_Looking_Glass
617,https://www.goodreads.com/book/show/5297.The_Picture_of_Dorian_Gray
618,https://www.goodreads.com/book/show/24280.Les_Mis_rables
619,https://www.goodreads.com/book/show/10210.Jane_Eyre
620,https://www.goodreads.com/book/show/13335037-divergent
621,https://www.goodreads.com/book/show/18135.Romeo_and_Juliet
622,https://www.goodreads.com/book/show/7624.Lord_of_the_Flies
623,https://www.goodreads.com/book/show/865.The_Alchemist
624,https://www.goodreads.com/book/show/7144.Crime_and_Punishment
625,https://www.goodreads.com/book/show/22628.The_Perks_of_Being_a_Wallflower
626,https://www.goodreads.com/book/show/375802.Ender_s_Game
627,https://www.goodreads.com/book/show/256683.City_of_Bones
628,https://www.goodreads.com/book/show/4667024-the-help
629,https://www.goodreads.com/book/show/4671.The_Great_Gatsby
630,https://www.goodreads.com/book/show/24178.Charlotte_s_Web
631,https://www.goodreads.com/book/show/18619684-the-time-traveler-s-wife
632,https://www.goodreads.com/book/show/8127.Anne_of_Green_Gables
633,https://www.goodreads.com/book/show/890.Of_Mice_and_Men
634,https://www.goodreads.com/book/show/17245.Dracula
635,https://www.goodreads.com/book/show/5129.Brave_New_World
636,https://www.goodreads.com/book/show/157993.The_Little_Prince
637,https://www.goodreads.com/book/show/320.One_Hundred_Years_of_Solitude
638,https://www.goodreads.com/book/show/21787.The_Princess_Bride
639,https://www.goodreads.com/book/show/5107.The_Catcher_in_the_Rye
640,https://www.goodreads.com/book/show/2998.The_Secret_Garden
641,https://www.goodreads.com/book/show/128029.A_Thousand_Splendid_Suns
642,https://www.goodreads.com/book/show/18131.A_Wrinkle_in_Time
643,https://www.goodreads.com/book/show/3.Harry_Potter_and_the_Sorcerer_s_Stone
644,https://www.goodreads.com/book/show/4381.Fahrenheit_451
645,https://www.goodreads.com/book/show/13496.A_Game_of_Thrones
646,https://www.goodreads.com/book/show/28187.The_Lightning_Thief
647,https://www.goodreads.com/book/show/2956.The_Adventures_of_Huckleberry_Finn
648,https://www.goodreads.com/book/show/12232938-the-lovely-bones
649,https://www.goodreads.com/book/show/19543.Where_the_Wild_Things_Are
650,https://www.goodreads.com/book/show/23772.Green_Eggs_and_Ham
651,https://www.goodreads.com/book/show/4214.Life_of_Pi
652,https://www.goodreads.com/book/show/231804.The_Outsiders
653,https://www.goodreads.com/book/show/1953.A_Tale_of_Two_Cities
654,https://www.goodreads.com/book/show/1381.The_Odyssey
655,https://www.goodreads.com/book/show/43641.Water_for_Elephants
656,https://www.goodreads.com/book/show/7604.Lolita
657,https://www.goodreads.com/book/show/4981.Slaughterhouse_Five
658,https://www.goodreads.com/book/show/18490.Frankenstein
659,https://www.goodreads.com/book/show/168668.Catch_22
660,https://www.goodreads.com/book/show/77203.The_Kite_Runner
661,https://www.goodreads.com/book/show/5043.The_Pillars_of_the_Earth
662,https://www.goodreads.com/book/show/3636.The_Giver
663,https://www.goodreads.com/book/show/149267.The_Stand
664,https://www.goodreads.com/book/show/38447.The_Handmaid_s_Tale
665,https://www.goodreads.com/book/show/76620.Watership_Down
666,https://www.goodreads.com/book/show/3590.The_Adventures_of_Sherlock_Holmes
667,https://www.goodreads.com/book/show/10917.My_Sister_s_Keeper
668,https://www.goodreads.com/book/show/332613.One_Flew_Over_the_Cuckoo_s_Nest
669,https://www.goodreads.com/book/show/6514.The_Bell_Jar
670,https://www.goodreads.com/book/show/10964.Outlander
671,https://www.goodreads.com/book/show/2429135.The_Girl_with_the_Dragon_Tattoo
672,https://www.goodreads.com/book/show/17899948-rebecca
673,https://www.goodreads.com/book/show/39988.Matilda
674,https://www.goodreads.com/book/show/34.The_Fellowship_of_the_Ring
675,https://www.goodreads.com/book/show/14891.A_Tree_Grows_in_Brooklyn
676,https://www.goodreads.com/book/show/11486.The_Color_Purple
677,https://www.goodreads.com/book/show/1934.Little_Women
678,https://www.goodreads.com/book/show/6288.The_Road
679,https://www.goodreads.com/book/show/252577.Angela_s_Ashes
680,https://www.goodreads.com/book/show/227463.A_Clockwork_Orange
681,https://www.goodreads.com/book/show/4934.The_Brothers_Karamazov
682,https://www.goodreads.com/book/show/234225.Dune
683,https://www.goodreads.com/book/show/18660669-vampire-academy
684,https://www.goodreads.com/book/show/7244.The_Poisonwood_Bible
685,https://www.goodreads.com/book/show/136251.Harry_Potter_and_the_Deathly_Hallows
686,https://www.goodreads.com/book/show/52036.Siddhartha
687,https://www.goodreads.com/book/show/662.Atlas_Shrugged
688,https://www.goodreads.com/book/show/17470674-fahrenheit-451
689,https://www.goodreads.com/book/show/3836.Don_Quixote
690,https://www.goodreads.com/book/show/119322.The_Golden_Compass
691,https://www.goodreads.com/book/show/2165.The_Old_Man_and_the_Sea
692,https://www.goodreads.com/book/show/15931.The_Notebook
693,https://www.goodreads.com/book/show/2619.Great_Expectations
694,https://www.goodreads.com/book/show/5470.1984
695,https://www.goodreads.com/book/show/151.Anna_Karenina
696,https://www.goodreads.com/book/show/23919.The_Complete_Stories_and_Poems
697,https://www.goodreads.com/book/show/99107.Winnie_the_Pooh
698,https://www.goodreads.com/book/show/4473.A_Prayer_for_Owen_Meany
699,https://www.goodreads.com/book/show/43763.Interview_with_the_Vampire
700,https://www.goodreads.com/book/show/2767052-the-hunger-games
701,https://www.goodreads.com/book/show/2.Harry_Potter_and_the_Order_of_the_Phoenix
702,https://www.goodreads.com/book/show/2657.To_Kill_a_Mockingbird
703,https://www.goodreads.com/book/show/1885.Pride_and_Prejudice
704,https://www.goodreads.com/book/show/41865.Twilight
705,https://www.goodreads.com/book/show/19063.The_Book_Thief
706,https://www.goodreads.com/book/show/11127.The_Chronicles_of_Narnia
707,https://www.goodreads.com/book/show/7613.Animal_Farm
708,https://www.goodreads.com/book/show/30.J_R_R_Tolkien_4_Book_Boxed_Set
709,https://www.goodreads.com/book/show/18405.Gone_with_the_Wind
710,https://www.goodreads.com/book/show/11870085-the-fault-in-our-stars
711,https://www.goodreads.com/book/show/370493.The_Giving_Tree
712,https://www.goodreads.com/book/show/386162.The_Hitchhiker_s_Guide_to_the_Galaxy
713,https://www.goodreads.com/book/show/6185.Wuthering_Heights
714,https://www.goodreads.com/book/show/968.The_Da_Vinci_Code
715,https://www.goodreads.com/book/show/930.Memoirs_of_a_Geisha
716,https://www.goodreads.com/book/show/24213.Alice_s_Adventures_in_Wonderland_Through_the_Looking_Glass
717,https://www.goodreads.com/book/show/5297.The_Picture_of_Dorian_Gray
718,https://www.goodreads.com/book/show/24280.Les_Mis_rables
719,https://www.goodreads.com/book/show/10210.Jane_Eyre
720,https://www.goodreads.com/book/show/13335037-divergent
721,https://www.goodreads.com/book/show/18135.Romeo_and_Juliet
722,https://www.goodreads.com/book/show/7624.Lord_of_the_Flies
723,https://www.goodreads.com/book/show/865.The_Alchemist
724,https://www.goodreads.com/book/show/7144.Crime_and_Punishment
725,https://www.goodreads.com/book/show/22628.The_Perks_of_Being_a_Wallflower
726,https://www.goodreads.com/book/show/375802.Ender_s_Game
727,https://www.goodreads.com/book/show/256683.City_of_Bones
728,https://www.goodreads.com/book/show/4667024-the-help
729,https://www.goodreads.com/book/show/4671.The_Great_Gatsby
730,https://www.goodreads.com/book/show/24178.Charlotte_s_Web
731,https://www.goodreads.com/book/show/18619684-the-time-traveler-s-wife
732,https://www.goodreads.com/book/show/8127.Anne_of_Green_Gables
733,https://www.goodreads.com/book/show/890.Of_Mice_and_Men
734,https://www.goodreads.com/book/show/17245.Dracula
735,https://www.goodreads.com/book/show/5129.Brave_New_World
736,https://www.goodreads.com/book/show/157993.The_Little_Prince
737,https://www.goodreads.com/book/show/320.One_Hundred_Years_of_Solitude
738,https://www.goodreads.com/book/show/21787.The_Princess_Bride
739,https://www.goodreads.com/book/show/5107.The_Catcher_in_the_Rye
740,https://www.goodreads.com/book/show/2998.The_Secret_Garden
741,https://www.goodreads.com/book/show/128029.A_Thousand_Splendid_Suns
742,https://www.goodreads.com/book/show/18131.A_Wrinkle_in_Time
743,https://www.goodreads.com/book/show/3.Harry_Potter_and_the_Sorcerer_s_Stone
744,https://www.goodreads.com/book/show/4381.Fahrenheit_451
745,https://www.goodreads.com/book/show/13496.A_Game_of_Thrones
746,https://www.goodreads.com/book/show/28187.The_Lightning_Thief
747,https://www.goodreads.com/book/show/2956.The_Adventures_of_Huckleberry_Finn
748,https://www.goodreads.com/book/show/12232938-the-lovely-bones
749,https://www.goodreads.com/book/show/19543.Where_the_Wild_Things_Are
750,https://www.goodreads.com/book/show/23772.Green_Eggs_and_Ham
751,https://www.goodreads.com/book/show/4214.Life_of_Pi
752,https://www.goodreads.com/book/show/231804.The_Outsiders
753,https://www.goodreads.com/book/show/1953.A_Tale_of_Two_Cities
754,https://www.goodreads.com/book/show/1381.The_Odyssey
755,https://www.goodreads.com/book/show/43641.Water_for_Elephants
756,https://www.goodreads.com/book/show/7604.Lolita
757,https://www.goodreads.com/book/show/4981.Slaughterhouse_Five
758,https://www.goodreads.com/book/show/18490.Frankenstein
759,https://www.goodreads.com/book/show/168668.Catch_22
760,https://www.goodreads.com/book/show/77203.The_Kite_Runner
761,https://www.goodreads.com/book/show/5043.The_Pillars_of_the_Earth
762,https://www.goodreads.com/book/show/3636.The_Giver
763,https://www.goodreads.com/book/show/149267.The_Stand
764,https://www.goodreads.com/book/show/38447.The_Handmaid_s_Tale
765,https://www.goodreads.com/book/show/76620.Watership_Down
766,https://www.goodreads.com/book/show/3590.The_Adventures_of_Sherlock_Holmes
767,https://www.goodreads.com/book/show/10917.My_Sister_s_Keeper
768,https://www.goodreads.com/book/show/332613.One_Flew_Over_the_Cuckoo_s_Nest
769,https://www.goodreads.com/book/show/6514.The_Bell_Jar
770,https://www.goodreads.com/book/show/10964.Outlander
771,https://www.goodreads.com/book/show/2429135.The_Girl_with_the_Dragon_Tattoo
772,https://www.goodreads.com/book/show/17899948-rebecca
773,https://www.goodreads.com/book/show/39988.Matilda
774,https://www.goodreads.com/book/show/34.The_Fellowship_of_the_Ring
775,https://www.goodreads.com/book/show/14891.A_Tree_Grows_in_Brooklyn
776,https://www.goodreads.com/book/show/11486.The_Color_Purple
777,https://www.goodreads.com/book/show/1934.Little_Women
778,https://www.goodreads.com/book/show/6288.The_Road
779,https://www.goodreads.com/book/show/252577.Angela_s_Ashes
780,https://www.goodreads.com/book/show/227463.A_Clockwork_Orange
781,https://www.goodreads.com/book/show/4934.The_Brothers_Karamazov
782,https://www.goodreads.com/book/show/234225.Dune
783,https://www.goodreads.com/book/show/18660669-vampire-academy
784,https://www.goodreads.com/book/show/7244.The_Poisonwood_Bible
785,https://www.goodreads.com/book/show/136251.Harry_Potter_and_the_Deathly_Hallows
786,https://www.goodreads.com/book/show/52036.Siddhartha
787,https://www.goodreads.com/book/show/662.Atlas_Shrugged
788,https://www.goodreads.com/book/show/17470674-fahrenheit-451
789,https://www.goodreads.com/book/show/3836.Don_Quixote
790,https://www.goodreads.com/book/show/119322.The_Golden_Compass
791,https://www.goodreads.com/book/show/2165.The_Old_Man_and_the_Sea
792,https://www.goodreads.com/book/show/15931.The_Notebook
793,https://www.goodreads.com/book/show/2619.Great_Expectations
794,https://www.goodreads.com/book/show/5470.1984
795,https://www.goodreads.com/book/show/151.Anna_Karenina
796,https://www.goodreads.com/book/show/23919.The_Complete_Stories_and_Poems
797,https://www.goodreads.com/book/show/99107.Winnie_the_Pooh
798,https://www.goodreads.com/book/show/4473.A_Prayer_for_Owen_Meany
799,https://www.goodreads.com/book/show/43763.Interview_with_the_Vampire
800,https://www.goodreads.com/book/show/2767052-the-hunger-games
801,https://www.goodreads.com/book/show/2.Harry_Potter_and_the_Order_of_the_Phoenix
802,https://www.goodreads.com/book/show/2657.To_Kill_a_Mockingbird
803,https://www.goodreads.com/book/show/1885.Pride_and_Prejudice
804,https://www.goodreads.com/book/show/41865.Twilight
805,https://www.goodreads.com/book/show/19063.The_Book_Thief
806,https://www.goodreads.com/book/show/11127.The_Chronicles_of_Narnia
807,https://www.goodreads.com/book/show/7613.Animal_Farm
808,https://www.goodreads.com/book/show/30.J_R_R_Tolkien_4_Book_Boxed_Set
809,https://www.goodreads.com/book/show/18405.Gone_with_the_Wind
810,https://www.goodreads.com/book/show/11870085-the-fault-in-our-stars
811,https://www.goodreads.com/book/show/370493.The_Giving_Tree
812,https://www.goodreads.com/book/show/386162.The_Hitchhiker_s_Guide_to_the_Galaxy
813,https://www.goodreads.com/book/show/6185.Wuthering_Heights
814,https://www.goodreads.com/book/show/968.The_Da_Vinci_Code
815,https://www.goodreads.com/book/show/930.Memoirs_of_a_Geisha
816,https://www.goodreads.com/book/show/24213.Alice_s_Adventures_in_Wonderland_Through_the_Looking_Glass
817,https://www.goodreads.com/book/show/5297.The_Picture_of_Dorian_Gray
818,https://www.goodreads.com/book/show/24280.Les_Mis_rables
819,https://www.goodreads.com/book/show/10210.Jane_Eyre
820,https://www.goodreads.com/book/show/13335037-divergent
821,https://www.goodreads.com/book/show/18135.Romeo_and_Juliet
822,https://www.goodreads.com/book/show/7624.Lord_of_the_Flies
823,https://www.goodreads.com/book/show/865.The_Alchemist
824,https://www.goodreads.com/book/show/7144.Crime_and_Punishment
825,https://www.goodreads.com/book/show/22628.The_Perks_of_Being_a_Wallflower
826,https://www.goodreads.com/book/show/375802.Ender_s_Game
827,https://www.goodreads.com/book/show/256683.City_of_Bones
828,https://www.goodreads.com/book/show/4667024-the-help
829,https://www.goodreads.com/book/show/4671.The_Great_Gatsby
830,https://www.goodreads.com/book/show/24178.Charlotte_s_Web
831,https://www.goodreads.com/book/show/18619684-the-time-traveler-s-wife
832,https://www.goodreads.com/book/show/8127.Anne_of_Green_Gables
833,https://www.goodreads.com/book/show/890.Of_Mice_and_Men
834,https://www.goodreads.com/book/show/17245.Dracula
835,https://www.goodreads.com/book/show/5129.Brave_New_World
836,https://www.goodreads.com/book/show/157993.The_Little_Prince
837,https://www.goodreads.com/book/show/320.One_Hundred_Years_of_Solitude
838,https://www.goodreads.com/book/show/21787.The_Princess_Bride
839,https://www.goodreads.com/book/show/5107.The_Catcher_in_the_Rye
840,https://www.goodreads.com/book/show/2998.The_Secret_Garden
841,https://www.goodreads.com/book/show/128029.A_Thousand_Splendid_Suns
842,https://www.goodreads.com/book/show/18131.A_Wrinkle_in_Time
843,https://www.goodreads.com/book/show/3.Harry_Potter_and_the_Sorcerer_s_Stone
844,https://www.goodreads.com/book/show/4381.Fahrenheit_451
845,https://www.goodreads.com/book/show/13496.A_Game_of_Thrones
846,https://www.goodreads.com/book/show/28187.The_Lightning_Thief
847,https://www.goodreads.com/book/show/2956.The_Adventures_of_Huckleberry_Finn
848,https://www.goodreads.com/book/show/12232938-the-lovely-bones
849,https://www.goodreads.com/book/show/19543.Where_the_Wild_Things_Are
850,https://www.goodreads.com/book/show/23772.Green_Eggs_and_Ham
851,https://www.goodreads.com/book/show/4214.Life_of_Pi
852,https://www.goodreads.com/book/show/231804.The_Outsiders
853,https://www.goodreads.com/book/show/1953.A_Tale_of_Two_Cities
854,https://www.goodreads.com/book/show/1381.The_Odyssey
855,https://www.goodreads.com/book/show/43641.Water_for_Elephants
856,https://www.goodreads.com/book/show/7604.Lolita
857,https://www.goodreads.com/book/show/4981.Slaughterhouse_Five
858,https://www.goodreads.com/book/show/18490.Frankenstein
859,https://www.goodreads.com/book/show/168668.Catch_22
860,https://www.goodreads.com/book/show/77203.The_Kite_Runner
861,https://www.goodreads.com/book/show/5043.The_Pillars_of_the_Earth
862,https://www.goodreads.com/book/show/3636.The_Giver
863,https://www.goodreads.com/book/show/149267.The_Stand
864,https://www.goodreads.com/book/show/38447.The_Handmaid_s_Tale
865,https://www.goodreads.com/book/show/76620.Watership_Down
866,https://www.goodreads.com/book/show/3590.The_Adventures_of_Sherlock_Holmes
867,https://www.goodreads.com/book/show/10917.My_Sister_s_Keeper
868,https://www.goodreads.com/book/show/332613.One_Flew_Over_the_Cuckoo_s_Nest
869,https://www.goodreads.com/book/show/6514.The_Bell_Jar
870,https://www.goodreads.com/book/show/10964.Outlander
871,https://www.goodreads.com/book/show/2429135.The_Girl_with_the_Dragon_Tattoo
872,https://www.goodreads.com/book/show/17899948-rebecca
873,https://www.goodreads.com/book/show/39988.Matilda
874,https://www.goodreads.com/book/show/34.The_Fellowship_of_the_Ring
875,https://www.goodreads.com/book/show/14891.A_Tree_Grows_in_Brooklyn
876,https://www.goodreads.com/book/show/11486.The_Color_Purple
877,https://www.goodreads.com/book/show/1934.Little_Women
878,https://www.goodreads.com/book/show/6288.The_Road
879,https://www.goodreads.com/book/show/252577.Angela_s_Ashes
880,https://www.goodreads.com/book/show/227463.A_Clockwork_Orange
881,https://www.goodreads.com/book/show/4934.The_Brothers_Karamazov
882,https://www.goodreads.com/book/show/234225.Dune
883,https://www.goodreads.com/book/show/18660669-vampire-academy
884,https://www.goodreads.com/book/show/7244.The_Poisonwood_Bible
885,https://www.goodreads.com/book/show/136251.Harry_Potter_and_the_Deathly_Hallows
886,https://www.goodreads.com/book/show/52036.Siddhartha
887,https://www.goodreads.com/book/show/662.Atlas_Shrugged
888,https://www.goodreads.com/book/show/17470674-fahrenheit-451
889,https://www.goodreads.com/book/show/3836.Don_Quixote
890,https://www.goodreads.com/book/show/119322.The_Golden_Compass
891,https://www.goodreads.com/book/show/2165.The_Old_Man_and_the_Sea
892,https://www.goodreads.com/book/show/15931.The_Notebook
893,https://www.goodreads.com/book/show/2619.Great_Expectations
894,https://www.goodreads.com/book/show/5470.1984
895,https://www.goodreads.com/book/show/151.Anna_Karenina
896,https://www.goodreads.com/book/show/23919.The_Complete_Stories_and_Poems
897,https://www.goodreads.com/book/show/99107.Winnie_the_Pooh
898,https://www.goodreads.com/book/show/4473.A_Prayer_for_Owen_Meany
899,https://www.goodreads.com/book/show/43763.Interview_with_the_Vampire
